{"cameraMode":{"drawMode":0,"name":"Shaded","section":"Shading Mode"},"sceneLighting":true,"audioPlay":false,"sceneViewState":{"showFog":true,"showMaterialUpdate":false,"showSkybox":true,"showFlares":true,"showImageEffects":true,"showParticleSystems":true},"in2DMode":false,"pivot":{"x":3.8931946754455568,"y":2.389822006225586,"z":3.7228424549102785},"rotation":{"x":-0.0666596069931984,"y":0.8584830164909363,"z":-0.11556357145309448,"w":-0.4951876103878021},"size":60.810977935791019,"orthographic":false}